,,173,,,,,,170,,,,,,,173,,172,,166,,71,73,68,,161,155,77,,7,11,11,,9,5,6,,8,3,6,34,17,6,31,18,3,19,0,18,21,158,,35,13,5,35,14,7,45,46,17,48,18,139,162,,,,,,,,,,,,
Coordinates,Predicted Name?,N,Magnetic Storm,High Winds,Irradiated,Toxic Atmosphere,High Gravity,Environmental,Hot Solar Flares,Frigid Zones,Scary Noises,Nasty Gasses,Lewd Rock Formations,Elemental,Plant,(Hostile),Animal,(Hostile),Intelligent,(Hostile),Spants,Murderbots,Ruins,,Space Cave,Cool Space Rocks,Wide Open Spaces,,"Curses, a hex!",Monolith,Terminal,,Time Enough at Last,Mother May I,Please Baby...,,Paradise...,Half the Ship...,Land Ho!,Simple Plant,Complicated Plant,What a Plant!,The Animals...,Buffalo-Like Animal...,House-Sized Animal,Interstellar Trade,Trade Item,Here There Be No Spants,Recovering the Satellite,Total NC Advs,,Hostile Plant,Large Hostile Plant,Exotic Hostile Plant,Small Hostile Animal,Large Hostile Animal,Exotic Hostile Animal,Hostile Intelligent Alien,Spant Drone,Spant Soldier,Murderbot Drone,Murderbot Soldier,Total C Advs,Total Advs,Notes,C1 Predicted,C1 Actual,CSum,C1,C2,C3,C4,C5,C6,C7,Weighted Sum (WSum)
IOOIIOI,N,Cheetus Westinghouse IV,Y,,,,,1,,Y,,,,1,none,,none,,detected,Y,,,,,3,3,3,,,,,,,,,,,,,,,,,,,,,,,9,,,,,,,,11,,,,,11,20,1 gemstone,2,2,74,8,14,14,8,8,14,8,290
HABITAT,N,Tau Washington X,,,Y,,,1,,,,Y,,1,primitive,,primitive,,detected,Y,Y,,Y,,3,3,,,,,,,1,,,,,,,2,,,,2,,,,3,,14,,,,,,,,6,,,,,6,20,1 gemstone,2,2,54,7,0,1,8,19,0,19,270
HARMONY,N,Eta Paulreiserus VII,,Y,,,,1,,Y,,,,1,primitive,Y,primitive,,none,,Y,,Y,,3,2,,,,1,,,,,,,,,,,,,3,,,,,,,9,,4,,,,,,,7,,,,11,20,1 gemstone,2,2,87,7,0,17,12,14,13,24,422
HODGMAN,N,Sigma Linoleus XI,,,Y,,,1,,Y,,,,1,primitive,,primitive,,none,,,,,,4,4,4,,,,,,,,,,,,,4,,,4,,,,,,,20,,,,,,,,,,,,,0,20,1 gemstone,2,2,55,7,14,3,6,12,0,13,219
HOLIDAY,N,Nu Stipe VII,,,Y,,,1,,,,,Y,1,none,,none,,none,,Y,,Y,,2,4,5,,,,,,,,,,,,1,,,,,,,,,,,12,,,,,,,,,8,,,,8,20,1 gemstone,2,2,67,7,14,11,8,3,0,24,283
IIOOOII,N,Zeta Diggusduggus XI,Y,,,,,1,Y,,,,,1,none,,advanced,Y,none,,Y,,Y,,4,3,3,,,1,,,,,,,,,,,,,,,,,,,,11,,,,,,2,,,7,,,,9,20,1 gemstone,2,2,74,8,8,14,14,14,8,8,296
IMHOTEP,N,Kappa Dominatrix XI,Y,,,,,1,,,,,Y,1,primitive,Y,advanced,Y,none,,,,Y,,4,5,4,,,,,,,,1,,,,,,,,,,,,,,,14,,4,,,,2,,,,,,,6,20,1 gemstone,2,2,79,8,12,7,14,19,4,15,333
IOIOIOI,N,Zeta Diggusduggus XI,Y,,,,,1,Y,,,,,1,none,,advanced,,none,,,Y,Y,,5,3,2,,,1,,,,,,,,,,,,,,4,,,,,,15,,,,,,,,,,,5,,5,20,1 gemstone,2,2,74,8,14,8,14,8,14,8,296
IOOIIIO,N,Zeta Diggusduggus XI,Y,,,,,1,Y,,,,,1,none,,advanced,Y,detected,,,,,,3,6,6,,,,,,,,,,,,,,,,,,,1,salad (14.9k),,,16,,,,,,4,,,,,,,4,20,1 gemstone,2,2,74,8,14,14,8,8,8,14,296
KCRVJWW,N,Xi Adams VI,Y,,,Y,,2,,,Y,,,1,primitive,Y,advanced,Y,none,,,,Y,,3,5,5,,,,,,,,1,,,,,,,,,,,,,,,14,,3,,,,3,,,,,,,6,20,1 gemstone,3,3,103,10,2,17,21,9,22,22,480
JVRVJES,N,Crunkuli Reagan X,,Y,,Y,,2,,,,Y,,1,none,,primitive,Y,none,,Y,,,,3,3,3,,,,,,,,,,,,,,,,,,,,,,,9,,,,,5,,,,6,,,,11,20,"1 gemstone, 227 pages research total",3,3,99,9,21,17,21,9,4,18,381
JUSTINA,N,Zeta Fredfordus VI,Y,,,Y,,2,Y,,,,,1,none,,none,,detected,Y,Y,Y,,,9,4,7,,,,,,,,,,,,,,,,,,,,,,,20,,,,,,,,,,,,,0,20,"1 Gemstone, 67 Rocks - 301 Research Pages, with zoological sample kit",3,3,87,9,20,18,19,8,13,0,297
HEGINRB,N,Sigma Capulet VIII,,Y,,,,1,,,Y,,,1,primitive,,primitive,Y,none,,,Y,,,2,1,,,,,,,,,,,,,,5,,,,,,,,,,8,,,,,4,,,,,,5,3,12,20,"1 gemstone, total 350 pages research (mostly murderbot memory chips)",2,2,56,7,4,6,8,13,17,1,239
IRABABY,N,Tau Doritus IX,y,,,,,,,,y,,,,primitive,y,advanced,y,none,,,,,,4,4,5,,,,,,,,,,,,,,,,,,,,,,,13,,2,,,,5,,,,,,,7,20,102 pages,,,,,,,,,,,
JOZXYQK,N,Eta Misogynus II,,Y,,,Y,2,,Y,,,,1,primitive,,advanced,,none,,,,,,5,5,3,,,,,,,,,,,,,3,,,,3,,,,,,19,,,,,,,,,,,,,0,19,"103 pages (7 toenails, 31 rock samples, 3 plant fibres) (imgur/mQhOio0)",3,3,121,9,14,25,23,24,16,10,490
KOLCONI,N,Mu Garcia XI,Y,,Y,,,2,,,,,Y,1,primitive,Y,none,,,,Y,,,,5,3,2,,,,,,,,,,,,,,,,,,,,,,,10,,4,,,,,,,4,2,,,10,20,130 pages of research,3,3,72,10,14,11,2,14,13,8,283
HAFNIUM,N,Eta Williams V,Y,,,,,1,,,,,Y,1,primitive,,primitive,Y,,,,,Y,,3,4,3,,,,,,,1,,,,,,5,,,,,,,,,,16,,,,,4,,,,,,,,4,20,138 pages,2,2,65,7,0,5,13,8,20,12,318
ITOTEMI,N,Phi Pacmanicus I,Y,,,,,1,,,,Y,,1,none,,advanced,,none,,Y,Y,Y,,2,6,,,,,,,,,1,,,,,,,,,3,,,,,,12,,,,,,,,,1,3,2,2,8,20,149 pages,2,2,84,8,19,14,19,4,12,8,312
JAZZMAN,N,Equipajus Sullivan IV,,Y,,Y,,2,,,,Y,,1,advanced,,primitive,Y,detected,Y,,Y,Y,,3,2,,,,,1,,,,,,,,,,1,,,,,,,,,7,,,,,3,,,6,,,2,2,13,20,155 pages,3,3,84,9,0,25,25,12,0,13,335
KOOPERM,N,Sigma Young XI,,Y,Y,,,2,,,,,Y,1,anomalous,,primitive,Y,detected,,,,Y,,4,5,,,,,,,,,,,,,1,,,6,,,,1,"Medicine (24,300)",,,17,,,,,3,,,,,,,,3,20,177 pages of research,3,3,86,10,14,14,15,4,17,12,346
HAMBAGU,N,Delta Khan XI,,Y,,,,1,,Y,,,,1,primitive,,primitive,,detected,,,Y,,,4,6,,,,,,,,,,,,,,1,,,3,,,1,Booze (12.7k),,,15,,,,,,,,,,,5,,5,20,"188 pages of research, no gem",2,2,46,7,0,12,1,0,6,20,223
KRYPTON,N,Chi Humptydumptus VII,Y,,Y,,,2,Y,,,,,1,none,,primitive,Y,,,,,,,6,3,5,,,,,,,,,,,,,,,,,,,,,,,14,,,,,6,,,,,,,,6,20,189 pages,3,3,112,10,17,24,15,19,14,13,446
HADANTE,N,Delta Khan XI,,Y,,,,1,,Y,,,,1,primitive,,advanced,Y,none,,,Y,Y,,4,3,,,,,,,,,,,1,,,4,,,,,,,,,4,16,,,,,,4,,,,,,,4,20,192 pages,2,2,46,7,0,3,0,13,19,4,223
JOLLIES,N,Delta Perfunctus II,Y,Y,,,,2,,Y,,,,1,advanced,,advanced,,detected,Y,Y,Y,Y,,3,,,,,,,,,,,,,,1,,3,,,3,,,,,,10,,,,,,,,2,2,3,3,,10,20,196 pages of Research; 1 gemstone,3,3,75,9,14,11,11,8,4,18,304
KMFKCBJ,N,Xi McMahon VII,Y,,,,Y,2,Y,,,,,1,primitive,Y,advanced,,none,,,Y,Y,,4,3,,,,,,,,,1,,,,,,,,,3,,,,,,11,,3,,,,,,,,,4,2,9,20,199 pages of research,3,3,49,10,12,5,10,2,1,9,168
HAAAAAA,N,Omicron Lee VII,,,,,Y,1,,,Y,,,1,none,,primitive,Y,detected,Y,Y,,,,3,3,,,,,,,,,,,,,,,,,,,,,,,,6,,,,,2,,,7,5,,,,14,20,2 gemstones,2,2,7,7,0,0,0,0,0,0,7
HAGGARD,N,Beta Bellegrandus IX,,,Y,,,1,,,,Y,,1,primitive,,primitive,,none,,Y,,,,5,5,,,,,,,,,,,,,,2,,,4,,,,,4,,20,,,,,,,,,,,,,0,20,2 gemstones,2,2,39,7,0,6,6,0,17,3,172
JULIEZS,N,Delta Harris VIII,,,Y,Y,,2,,,,,Y,1,none,,none,,none,,,,Y,,8,4,7,,,,1,,,,,,,,,,,,,,,,,,,20,,,,,,,,,,,,,0,20,2 gemstones,3,3,95,9,20,11,8,4,25,18,410
HOLMIUM,N,Iota Allopecius VII,,,,Y,,1,,,Y,,,1,primitive,Y,primitive,,none,,,Y,,,5,3,,,,,,,,,,,,,,,,,2,,,,,,,10,,3,,,,,,,,,7,,10,20,206 pages,2,2,84,7,14,11,12,8,20,12,360
JEBANNA,N,Gamma Madison XI,,,Y,,Y,2,,Y,,,,1,advanced,Y,advanced,,detected,,Y,Y,Y,,3,,,,,,,,,,,,1,,,,,,,4,,1,Booze (12.3K),,,9,,,1,,,,,,3,3,4,,11,20,209 pages,3,3,40,9,4,1,0,13,13,0,163
HIJKLMN,N,Zeta Conjunctivitus III,,,,,Y,1,Y,,,,,1,primitive,Y,none,,none,,,,,,5,6,5,,,,,,,,,,,,,,,,,,,,,,,16,,4,,,,,,,,,,,4,20,211 pages of research,2,2,70,7,8,9,10,11,12,13,308
IRIDIUM,N,Lambda Huxtable IX,,,Y,,,1,,,,,Y,1,advanced,,primitive,Y,none,,,,,,4,3,2,,,,,,,,,,,,,,6,,,,,,,,,15,,,,,5,,,,,,,,5,20,233 pages,2,2,76,8,17,8,3,8,20,12,322
JTOEBES,N,Omicron Gromulus IX,,,Y,,Y,2,Y,,,,,1,None,,primitive,Y,Detected,Y,,,,,2,2,3,,,,,,,,,,,,,,,,,,,,,,,7,,,,,3,,,10,,,,,13,20,"3 alien toenails, alien zoological sample, 17 rock samples - 57 pages",3,3,69,9,19,14,4,1,4,18,260
IMPEACH,N,Eta O'Kelly I,,,,Y,,1,,,,Y,,1,none,,none,,none,,Y,Y,,,3,4,4,,,,,,,,,,,,,,,,,,,,,,4,15,,,,,,,,,5,,,,5,20,3 gemstones,2,2,48,8,12,15,4,0,2,7,154
KAAAAAA,N,Chi Perambulus XI,Y,,,Y,,2,,,,,Y,1,primitive,,none,,none,,,Y,Y,,5,5,4,,,,,,,,,,1,,,3,,,,,,,,,2,20,,,,,,,,,,,,,0,20,3 gemstones,3,3,10,10,0,0,0,0,0,0,10
IIIOOIO,N,Omicron Saladus I,,Y,,,,1,,,,,Y,1,none,,none,,none,,Y,,Y,,3,8,1,,,1,,,,,,,,,,,,,,,,,,,,13,,,,,,,,,7,,,,7,20,4 gemstones,2,2,74,8,8,8,14,14,8,14,320
HKZQDFC,N,Upsilon Cardboardius III,,,Y,,,1,,,,,Y,1,primitive,Y,none,,none,,,Y,,,3,5,2,,,,,,,,,,,,,,,,,,,,,,,10,,3,,,,,,,,,7,,10,20,"419 pages of research w/ geo kit, 2 gemstones",2,2,68,7,10,25,16,3,5,2,225
KEDAVRA,N,Alpha Harris III,Y,,,Y,,2,,,Y,,,1,primitive,,primitive,Y,,,,,,,3,4,4,,,,,,,,,,,,,6,,,,,,,,,,17,,,,,3,,,,,,,,3,20,6 (!) Gemstones,3,3,55,10,4,3,0,21,17,0,234
IMPULSE,N,Equipajus Waldorf IX,,Y,,,,1,,,,Y,,1,none,,primitive,,none,,Y,Y,,,2,3,,,,,,,,,,,,,,,,,5,,,,,,4,14,,,,,,,,,6,,,,6,20,60 pages,2,2,88,8,12,15,20,11,18,4,348
HALCYON,N,Phi Waldorfus VII,,Y,,Y,,2,,,,,,0,none,,advanced,,detected,Y,Y,Y,Y,,1,3,,,,,,,,,,,,1,,,,,,3,,,,,,8,,,,,,,,4,5,,3,,12,20,98 pges,2,2,71,7,0,11,2,24,14,13,343
HASSIUM,N,Lambda Moore VII,,,Y,,,1,Y,,,,,1,advanced,,none,,none,,,,Y,,7,4,4,,,1,,,,,,,,,,,4,,,,,,,,,20,,,,,,,,,,,,,0,20,All NC advs; 303 pages,2,2,83,7,0,18,18,8,20,12,377
JERERRY,N,Dudebaddus Capulet IV,Y,,,Y,,2,Y,,,,,1,primitive,,primitive,Y,detected,Y,,Y,,,3,2,0,,,,,,,,,,,,,4,,,,,,,,,2,11,,,,,3,,,6,,,,,9,20,Jererry has murderbot data cores!,3,3,92,9,4,17,4,17,17,24,439
JOHNSON,N,Pacmanicus Hall XI,Y,Y,,,,2,,Y,,,,1,none,,primitive,Y,none,,,,Y,,3,6,5,,,,,,1,,,,,,,,,,,,,,,,,15,,,,,5,,,3,,,,,8,23,no intelligent aliens in another dataset,3,3,88,9,14,7,13,18,14,13,375
KLMNOPQ,N,Hamburguesus Young II,Y,Y,,,,2,,,Y,,,1,none,,advanced,Y,detected,Y,,Y,Y,,2,3,,,,,1,,,,,,,,,,,,,,,,,,,6,,,,,,4,,5,,,3,2,14,20,procrastinator key,3,3,91,10,11,12,13,14,15,16,392
IJKLMNO,N,Upsilon Cartwright VII,,,,,Y,1,Y,,,,,1,advanced,,primitive,Y,detected,Y,,Y,Y,,4,1,0,,,,,,1,,,,,,,,1,,,,,,,,,7,,,,,5,,,4,,,4,,13,20,"space baby language, murderbots",2,2,77,8,9,10,11,12,13,14,336
KITTIES,N,Upsilon Williams III,,Y,Y,,,2,,Y,,,,1,primitive,,none,,none,,Y,,,,3,4,5,,,,,,,,,,,,,1,,,,,,,,,,13,,,,,,,,,3,4,,,7,20,Was running +nc,3,3,86,10,8,19,19,8,4,18,349
HALIBUT,N,Linoleus Romero IX,Y,,,,,1,Y,,,,,1,advanced,Y,none,,detected,Y,,Y,,,2,2,,,,,,,,,,,,,,,,,,,,,,,5,9,,,3,,,,,8,,,,,11,20,,2,2,66,7,0,11,8,1,20,19,330
JNXEPBD,N,Dudebaddus Khan I,,Y,,Y,,2,,,,,Y,1,none,,none,,detected,Y,,,,,5,2,5,,,,,,,,,,,,,,,,,,,,,,,12,,,,,,,,8,,,,,8,20,,3,3,68,9,13,23,4,15,1,3,222
KALADSH,N,Discothecus Johnson I,Y,,,,Y,2,,,Y,,,1,none,,primitive,,detected,Y,,,Y,,4,2,2,,1,,,,,,,,,,,,,,3,,,,,,,12,,,,,,,,8,,,,,8,20,,3,3,49,10,0,11,0,3,18,7,215
KIMJONG,N,Hippidipsus Draper VIII,,,Y,,Y,2,,Y,,,,1,none,,none,,detected,Y,,,,,5,4,3,,,,,,,,,,,,,,,,,,,,,,,12,,,,,,,,8,,,,,8,20,,3,3,72,10,8,12,9,14,13,6,288
KZVINAU,N,Delta Brown V,,,,Y,Y,2,,,,Y,,1,none,,primitive,,detected,Y,,,,,2,3,3,,,,,,,,,,,,,,,,3,,,,,,,11,,,,,,,,8,,,,,8,19,,3,3,97,10,25,21,8,13,0,20,360
HACKING,N,Upsilon DuPree VIII,Y,,,,,1,,,Y,,,1,primitive,Y,none,,detected,Y,Y,,,,3,4,,,,,,,,,,,,,,,,,,,,,,,,7,,1,,,,,,7,5,,,,13,20,,2,2,46,7,0,2,10,8,13,6,213
HDEFINE,N,Chi Brown V,,Y,,,,1,,Y,,,,1,none,,primitive,,detected,Y,,,Y,,3,3,4,,,1,,,,,,,,,,,,,2,,,,,,,13,,,,,,,,7,,,,,7,20,,2,2,44,7,3,4,5,8,13,4,191
IIIOIOO,N,Theta Tyler III,,,Y,,,1,,Y,,,,1,none,,none,,detected,Y,,,Y,,2,6,4,,,1,,,,,,,,,,,,,,,,,,,,13,,,,,,,,7,,,,,7,20,,2,2,74,8,8,8,14,8,14,14,326
IOIIIOO,N,Rho Saladus XI,,Y,,,,1,,,Y,,,1,primitive,,primitive,,detected,Y,Y,,,,1,2,,,,,,,,,,,,,,2,,,1,,,,,,,6,,,,,,,,7,4,,,3,14,20,,2,2,74,8,14,8,8,8,14,14,314
ITCHBOX,N,Omega Hippidipsus IX,Y,,,,,1,,,,Y,,1,advanced,,none,,detected,Y,,,,,4,3,3,,,,,,,,,,,,,,3,,,,,,,,,13,,,,,,,,7,,,,,7,20,,2,2,74,8,19,2,7,1,14,23,330
JQIYVMP,N,Delta Microscopius X,,Y,,,Y,2,,Y,,,,1,primitive,,primitive,Y,detected,Y,,,Y,,4,2,,,,,1,,,,,,,,,4,,,,,,,,,,11,,,,,2,,,7,,,,,9,20,,3,3,105,9,16,8,24,21,12,15,443
KAAAAHN,N,Rho Doritus III,,,Y,,Y,2,,,Y,,,1,advanced,Y,advanced,,detected,Y,,,,,3,5,,,,,,,,,,,,,,,,,,2,,,,,,10,,,3,,,,,7,,,,,10,20,,3,3,30,10,0,0,0,0,7,13,143
HANSOLO,N,Chi Dunn IX,,,Y,,,1,,,,Y,,1,none,,none,,detected,Y,,Y,Y,,2,2,3,,,,,,,,,,1,,,,,,,,,,,,,8,,,,,,,,6,,,1,5,12,20,,2,2,77,7,0,13,18,14,11,14,352
IAAAAAA,N,Linoleus Jones IV,,,,Y,,1,,Y,,,,1,none,,anomalous,Y,detected,Y,Y,,Y,,2,3,,,1,,,,,,,,,,,,,,,,,,,,,6,,,,,,,3,6,1,4,,,14,20,,2,2,8,8,0,0,0,0,0,0,8
IIOIIOO,N,Omicron Saladus I,,Y,,,,1,,,,,Y,1,none,,advanced,Y,detected,Y,Y,,Y,,2,4,,,,1,,,,,,,,,,,,,,,,,,,,7,,,,,,3,,6,4,,,,13,20,,2,2,74,8,8,14,8,8,14,14,320
IIOIOIO,N,Rho Saladus XI,,Y,,,,1,,,Y,,,1,primitive,,anomalous,Y,detected,Y,,,,,3,4,,,,,,,,,,,,,,4,,,,,,,,,,11,,,,,,,3,6,,,,,9,20,,2,2,74,8,8,14,8,14,8,14,314
IIOOIOI,N,Psi Stipe IV,,,,,Y,1,Y,,,,,1,primitive,Y,primitive,,detected,Y,Y,,Y,,2,2,,,,,1,,,,,,,,,,,,2,,,,,,,7,,3,,,,,,6,3,1,,,13,20,,2,2,74,8,8,14,14,8,14,8,302
JUPITER,N,Upsilon Corpulus V,,,Y,,Y,2,,,Y,,,1,none,,none,,Detected,Y,,Y,,,1,2,4,,,,,,,,,,,,,,,,,,,,,,,7,,,,, ,,,6,,,7,,13,20,,3,3,92,9,20,15,8,19,4,17,364
KILLERZ,N,Gamma Billclintonus VIII,Y,,,Y,,2,,Y,,,,1,none,,primitive,,detected,Y,,Y,Y,,3,3,,,,,,,,,,,,,1,,,,3,,,,,,,10,,,,,,,,6,,,4,,10,20,,3,3,86,10,8,11,11,4,17,25,400
KVCKCRW,N,Upsilon Madison VII,,,Y,,Y,2,Y,,,,,1,anomalous,,primitive,,detected,Y,Y,,Y,,6,3,,,,,,,,,,,,1,,,,2,1,,,,,,,13,,,,,,,,6,,1,,,7,20,,3,3,84,10,21,2,10,2,17,22,364
HITHERE,N,Iota Dyxichix VII,,,,Y,,1,Y,,,,,1,none,,advanced,,detected,Y,Y,,,,3,4,,,,,,,,,,,,,,,,,,5,,,,,,12,,,,,,,,5,3,,,,8,20,,2,2,66,7,8,19,7,4,17,4,258
HVLELCV,N,Upsilon Hernandez V,,,,,Y,1,,Y,,,,1,primitive,Y,none,,detected,Y,Y,,,,5,2,,,,,,,,,,,,,,,,,,,,,,5,,12,,3,,,,,,5,,,,,8,20,,2,2,77,7,21,11,4,11,2,21,312
IAMZUUL,N,Alpha Phlebitis II,,,,,Y,1,Y,,,,,1,primitive,Y,none,,detected,Y,,Y,Y,,5,4,,,,,,,1,,,,,,,,,,,,,,,,3,13,,2,,,,,,5,,,,,7,20,,2,2,96,8,0,12,25,20,20,11,441
IOIIOIO,N,Lambda Capulet VIII,,,,,Y,1,Y,,,,,1,primitive,Y,none,,detected,Y,Y,,Y,,5,3,,,,,1,,,,,,,,,,,,,,,,,3,,12,,3,,,,,,5,,,,,8,20,,2,2,74,8,14,8,8,14,8,14,308
JAIVLGR,N,Gamma Lee VII,,Y,,,Y,2,,Y,,,,1,anomalous,Y,none,,detected,Y,Y,Y,Y,,2,2,,,,,,,,1,,,,,,,,,,,,,,3,,8,,,,2,,,,5,,,3,2,12,20,,3,3,72,9,0,8,21,11,6,17,327
JOERGER,N,Beta Diverticulus VII,Y,,,,Y,2,Y,,,,,1,primitive,,primitive,,detected,Y,Y,Y,,,1,,,,,,,,,,,,,,,3,,,3,,,,,,,7,,,,,,,,5,3,3,2,,13,20,,3,3,71,9,14,4,17,6,4,17,290
KKAQCBU,N,Omicron Stemple VII,,Y,Y,,,2,,,,,Y,1,primitive,Y,advanced,Y,detected,Y,,,Y,,5,2,,,,,,,,,,,,,1,,,,,,,,,,,8,,4,,,,3,,5,,,,,12,20,,3,3,59,10,10,0,16,2,1,20,250
HJFSFFG,N,Psi McDurkee I,Y,,,,,1,,,Y,,,1,primitive,Y,advanced,,detected,Y,Y,,,,3,3,,,,,,,,,,,,,,,,,,3,,,,,,9,,2,,,,,,4,5,,,,11,20,,2,2,55,7,9,5,18,5,5,6,209
HTRFLZE,N,Eta Paulreiserus XI,,Y,,,,1,,,,,Y,1,primitive,Y,primitive,Y,detected,Y,Y,,,,3,3,,,,,,,,,,,,,,,,,,,,,,,,6,,4,,,4,,,4,,2,,,14,20,,2,2,88,7,19,17,5,11,25,4,349
JYSFSJC,N,Gamma Dunn XI,,,Y,Y,,2,,Y,,,,1,none,,advanced,,detected,Y,,Y,,,8,3,,,,,,,,,,,,,,,,,,2,,,,,3,16,,,,,,,,4,,,,,4,20,,3,3,85,9,24,18,5,18,9,2,289
KAIPRLS,N,Pi Pacmanicus II,,,,Y,Y,2,,,,,Y,1,none,,none,,detected,Y,Y,Y,Y,,5,2,,,,,1,,,,,,,,,,,,,,,,,,,,,,,,,,,4,3,,5,,12,12,,3,3,79,10,0,8,15,17,11,18,371
KUKURYY,N,Delta Mills VII,,,,Y,Y,2,,Y,,,,1,primitive,,primitive,Y,detected,Y,,Y,,,3,2,,,,,,,,,,,,,,3,,,,,,,,,,8,,,,,4,,,4,,,2,2,12,20,,3,3,125,10,20,10,20,17,24,24,557
IOIOIIO,N,Psi Stipe IV,,,,,Y,1,Y,,,,,1,primitive,Y,primitive,,detected,Y,Y,Y,,,2,,,,,,,,,,,,,,,,,,4,,,,,,,6,,2,,,,,,3,2,3,2,2,14,20,,2,2,74,8,14,8,14,8,8,14,302
IXIFMRP,N,Lambda Westinghouse XI,Y,,,,,1,,,Y,,,1,none,,advanced,Y,detected,Y,,Y,,,4,3,,,,,,,,,,,,,,,,,,,,,,,,7,,,,,,4,,3,,,6,,13,20,,2,2,88,8,23,8,5,12,17,15,365
HARKENS,N,Sigma Nelson X,,,,,Y,1,Y,,,,,1,primitive,Y,primitive,Y,detected,Y,Y,Y,,,3,,,,,,,,,,,,,,,,,,,,,,,,,3,,2,,,4,,,2,3,,6,,17,20,,2,2,69,7,0,17,10,4,13,18,322
IIOIOOI,N,Lambda Capulet VIII,,,,,Y,1,Y,,,,,1,none,,primitive,,detected,Y,Y,Y,,,1,2,,,,,,,,,,,,,,,,,1,,,,,4,,8,,,,,,,,2,,,10,,12,20,,2,2,74,8,8,14,8,14,14,8,308
HAAAAAB,N,Lambda McDonald XI,Y,,,,,1,,,,Y,,1,advanced,,none,,none,,,Y,,,2,3,3,,,,,,,,,,,,,,3,,,,,,,,,11,,,,,,,,,,,9,,9,20,,,,,,,,,,,,
HAMMOND,N,Chi Cheetus I,,,Y,,,1,,,,Y,,1,advanced,,primitive,,none,,Y,,,,5,3,,,,,,,,,,,,,,,5,,3,,,,,4,,20,,,,,,,,,,,,,0,20,,2,2,61,7,0,12,12,14,13,3,260
HARAMBE,N,Omega Adams II,,,,Y,,1,,,,,Y,1,none,,primitive,,none,,,Y,,,4,2,3,,,,,,,,,,,,,,,,4,,,,,,,13,,,,,,,,,,,4,3,7,20,,2,2,41,7,0,17,0,12,1,4,152
HATEBIT,N,Bubblicius O'Sullivan I,,Y,,,,1,,,Y,,,1,advanced,,advanced,Y,none,,Y,,Y,,2,4,,,1,,,,,,,,,,,,5,,,,,,,,,12,,,,,,2,,,4,2,,,8,20,,2,2,58,7,0,19,4,1,8,19,266
HATSUNE,N,Zeta Smith III,Y,,,,,1,,,,,Y,1,advanced,,primitive,Y,none,,,,,,5,5,2,,,,,,,,,,,,,,4,,,,,,,,,16,,,,,4,,,,,,,,4,20,,2,2,81,7,0,19,18,20,13,4,342
HBMRGMA,N,Psi Stemple XI,,Y,,,,1,,,,Y,,1,anomalous,Y,primitive,Y,none,,,Y,Y,,1,3,,,1,,,,,,,,,,,,,,,,,,,,,5,,,,5,5,,,,,,4,1,15,20,,2,2,55,7,1,12,17,6,12,0,215
HBNQWMA,N,Delta Crematorius VII,Y,,,,,1,,,,,Y,1,primitive,Y,primitive,,none,,,,,,7,3,4,,,,,,,,,,,,,,,,4,,,,,,,18,,2,,,,,,,,,,,2,20,,2,2,71,7,1,13,16,22,12,0,294
HBZWJQL,N,Hippidipsus Mills VI,,,Y,,,1,,Y,,,,1,advanced,,primitive,Y,none,,,Y,Y,,3,4,,,,,,,,,1,,,,,,2,,,,,,,,,10,,,,,5,,,,,,5,,10,20,,2,2,91,7,1,25,22,9,16,11,390
HEALTHY,N,Hamburguesus Stipe XI,Y,,,,,1,,,Y,,,1,advanced,,advanced,Y,none,,Y,Y,,,2,3,,,,,,,,,,,,,,,2,,,,,,,,,7,,,,,,3,,,6,,4,,13,20,,2,2,72,7,4,0,11,19,7,24,364
HELLBOY,N,Theta Rodriguez IX,,,Y,,,1,,,,Y,,1,primitive,,,,,,Y,Y,,,2,2,,,,,,,,,,,,,,3,,,,,,,,5,,,,,,,,,,,,,8,,8,8,,2,2,72,7,4,11,11,1,14,24,349
HEYLADY,N,Tau Saladus XI,,,,Y,,1,,,,Y,,1,primitive,,none,,none,,,,,,6,4,5,,,,,,,,,,,,,5,,,,,,,,,,20,,,,,,,,,,,,,0,20,,2,2,73,7,4,24,11,0,3,24,317
HFLVIBX,N,Phi Molotov VI,,Y,,,,1,Y,,,,,1,none,,anomalous,Y,detected,,,,,,7,5,4,,,,,,,,,,,,,,,,,,,1,booze (26.8k),,,17,,,,,,,3,,,,,,3,20,,2,2,76,7,5,11,21,8,1,23,341
HGAQGTL,N,Dickbutkus Pennington X,,,Y,,,1,Y,,,,,1,none,,primitive,,none,,Y,Y,,,,,,,,,,,,,,,,,,,,,,,,,,,,0,,,,,,,,,,,,,0,0,,2,2,65,7,6,0,16,6,19,11,304
HIMMLER,N,Iota Reaganus I,,,Y,,,1,,Y,,,,,advanced,Y,advanced,,none,,Y,Y,Y,,3,2,,,1,,,,,,,,,,,,,,,7,,,,3,2,18,,,2,,,,,,,,,,2,20,,2,1,71,7,8,12,12,11,4,17,305
HIPSTER,N,Rho Nelson I,,,Y,,,1,Y,,,,,1,primitive,,none,,none,,,Y,,,3,4,3,,,,,,,,,,,,,3,,,,,,,,,,13,,,,,,,,,,,7,,7,20,,2,2,88,7,8,15,18,19,4,17,378
HKPYFCX,N,Gronulus Franklin X,Y,,,,,1,,,,Y,,1,primitive,Y,anomalous,,none,,,Y,Y,,6,2,,,,,,,,,1,,,,,,,,,,2,,,,,11,,4,,,,,,,,,2,3,9,20,,2,2,86,7,10,15,24,5,2,23,366
HLUMDHT,N,Sigma Bearthurus XI,,,,Y,,1,,,,,Y,1,none,,none,,none,,,Y,,,4,3,3,,,,,,,,,,,,,,,,,,,,,,,10,,,,,,,,,,,4,6,10,20,,2,2,79,7,11,20,12,3,7,19,327
HMOFFLJ,N,Gromulus Stipe V,,,,,Y,1,,,,,Y,1,primitive,Y,none,,none,,Y,,,,3,5,3,,,,,,,,,,,,,,,,,,,,,,,11,,4,,,,,,,5,,,,9,20,,2,2,63,7,12,14,5,5,11,9,247
HOBBITS,N,Bearthurus Young VII,,,Y,,,1,,,,,Y,1,none,,primitive,Y,none,,,Y,,,2,4,4,,,,,,,,,,,,,,,,,,,,,,,10,,,,,3,,,,,,7,,10,20,,2,2,68,7,14,1,1,8,19,18,322
HOBOKEN,N,Linoleus Williams V,Y,,,,,1,Y,,,,,1,advanced,Y,primitive,Y,none,,Y,Y,,,2,2,,,,,,,,,,,,,,,,,,,,,,,,4,,,1,,4,,,,7,,4,,16,20,,2,2,63,7,14,1,14,10,4,13,259
HODRBVO,N,Theta Huxtable II,Y,,,,,1,,,Y,,,1,none,,none,,none,,Y,,Y,,9,2,3,,,1,,,,,,,,,,,,,,,,,,,,,,,,,,,,,2,3,,,5,5,,2,2,77,7,14,3,17,1,21,14,341
HORIZON,N,Eta Bubblewrapium II,Y,,,,,1,,,,,Y,1,anomalous,Y,none,,none,,,Y,Y,,2,4,3,,,,,,,,,,1,,,,,,,,,,,,7,17,,,,3,,,,,,,,,3,20,,2,2,98,7,14,17,8,25,14,13,418
HOTDOGS,N,Xi Miller I,Y,,,,,1,,,Y,,,1,anomalous,Y,primitive,,detected,,,,,,6,4,,,,,,,,,,,,,,,,,5,,,1,Salad (20.9k),,,16,,,,4,,,,,,,,,4,20,,2,2,81,7,14,19,3,14,6,18,336
HOUSTON,N,Bob Franklin VIII,Y,,,,,1,,,,Y,,1,advanced,Y,advanced,,none,,Y,,,,7,5,,,,,,,,,,,,,,,,,,4,,,,2,,18,,,2,,,,,,,,,,2,20,,2,2,105,7,14,20,18,19,14,13,437
HPGXDQD,N,Beta Noriega IX,,,Y,,,1,,Y,,,,1,primitive,,advanced,Y,detected,Y,Y,Y,,,,,,,,,,,,,,,,,,,,,,,,,,,,0,,,,,,,,,,,,,0,0,,2,2,73,7,15,6,23,3,16,3,279
HTQMRWP,N,Zeta Dudebaddus I,,,Y,,,1,,,,,Y,1,anomalous,,anomalous,Y,none,,Y,Y,Y,,4,2,,,,,,,,,,,1,,,,,3,,,,,,3,,13,,,,,,,3,,,,4,,7,20,,2,2,108,7,19,16,12,17,22,15,463
HYBORIA,N,Gamma Microscopius VI,,Y,,,,1,,,,Y,,1,none,,primitive,Y,none,,,,,,4,7,4,,,,,,,,,,,,,,,,,,,,,,,15,,,,,5,,,,,,,,5,20,,2,2,71,7,24,1,14,17,8,0,247
IDIANYN,N,Bellegrandus Goldthwait V,,Y,,,,1,Y,,,,,1,advanced,,advanced,Y,detected,,Y,Y,Y,,9,,,,1,,,,,,,,,,,,4,,,,,1,medicine (14.6k),2,1,18,,,,,,2,,,,,,,2,20,,2,2,69,8,3,8,0,13,24,13,338
IGULTSE,N,Kappa Fustulus XI,,Y,,,,1,,,,,Y,1,advanced,,advanced,Y,none,,Y,Y,Y,,3,2,,,,,,,,,,,,,1,,2,,,,,,,,,8,,,,,,3,,,2,4,3,,12,20,,2,2,86,8,6,20,11,19,18,4,355
IIIIAAA,N,Gromulus O'Sullivan VIII,,,,Y,,1,,Y,,,,1,primitive,Y,primitive,Y,none,,,Y,,,3,3,,,,,1,,,,,,,,,,,,,,,,,,2,9,,6,,,5,,,,,,,,11,20,,2,2,32,8,8,8,8,0,0,0,80
IIIIIII,N,Phi Blivebarkerus VIII,,,,Y,,1,,Y,,,,1,none,,none,,none,,,,,,6,7,7,,,,,,,,,,,,,,,,,,,,,,,20,,,,,,,,,,,,,0,20,,2,2,56,8,8,8,8,8,8,8,224
IIIIOOO,N,Tau Reaganus V,Y,,,,,1,,,Y,,,1,primitive,,none,,none,,,,Y,,5,4,4,,,1,,,,,,,,,,6,,,,,,,,,,20,,,,,,,,,,,,,0,20,,2,2,74,8,8,8,8,14,14,14,332
IIIOOOI,N,Rho Saladus XI,,Y,,,,1,,,Y,,,1,primitive,,primitive,,detected,,,,,,4,5,,,,,,,,,,,,,,6,,,4,,,1,mask (234k),,,20,,,,,,,,,,,,,0,20,,2,2,74,8,8,8,14,14,14,8,314
IIOOIIO,N,Lambda Capulet VIII,,,,,Y,1,Y,,,,,1,none,,primitive,,none,,Y,,Y,,3,4,3,,,,1,,,,,,,,,,,,3,,,,,,,14,,,,,,,,,1,5,,,6,20,,2,2,74,8,8,14,14,8,8,14,308
IJJVPLF,N,Rho Perambulus IX,,,,,Y,,,,Y,,,1,none,,none,,none,,Y,,Y,,3,3,4,,,,,,,,,,,,1,,,,,,,,,,,11,,,,,,,,,9,,,,9,20,,2,1,78,8,9,9,21,15,11,5,313
IMGLMOO,N,Upsilon Cartwright VII,,,,,Y,1,Y,,,,,1,primitive,Y,primitive,Y,detected,Y,,,Y,,,,,,,,,,1,,,,,,,,,,,,,,,,,1,,,,,,,,,,,,,0,1,,2,2,77,8,12,6,11,12,14,14,336
IMGROOT,N,Lambda Milkius II,Y,,,,,1,Y,,,,,1,none,,anomalous,Y,none,,Y,,,,5,3,4,,,,,,,,,,,,,,,,,,,,,4,,16,,,,,,,4,,,,,,4,20,,2,2,90,8,12,6,17,14,14,19,405
IMPETUS,N,Eta Slobulus V,Y,,,,,1,Y,,,,,1,primitive,Y,primitive,Y,none,,,Y,,,2,3,,,,,,,,,,,,,,,,,,,,,,,,5,,4,,,4,,,,7,,,,15,20,,2,2,96,8,12,15,4,19,20,18,434
IMZUNOR,N,Phi Hall XI,,,,Y,,1,,,Y,,,1,none,,none,,detected,,Y,Y,,,4,6,,,,,,,,,,,,,,,,,,,,1,salad (27.3k),4,5,20,,,,,,,,,,,,,0,20,,2,2,109,8,12,25,20,13,14,17,455
INEMMOO,N,Upsilon Cartwright VII,,,,,Y,1,Y,,,,,1,advanced,,none,,detected,,,,Y,,4,6,4,,,,,,1,,,,,,,,4,,,,,1,salad (26.6k),,,20,,,,,,,,,,,,,0,20,,2,2,77,8,13,4,12,12,14,14,336
INJECTS,N,Zeta Cromulus III,,,,,Y,1,,,Y,,,1,primitive,Y,primitive,Y,none,,,,,,4,4,3,,,,,,,,,,,,,,,,,,,,,,,11,,5,,,4,,,,,,,,9,20,,2,2,73,8,13,9,4,2,19,18,327
IOIIOOI,N,Psi Stipe IV,,,,,Y,1,Y,,,,,1,primitive,Y,primitive,,none,,Y,,Y,,2,2,,,,,1,,,,,,,,,,,,4,,,,,,,9,,6,,,,,,,5,,,,11,20,,2,2,74,8,14,8,8,14,14,8,302
IOIOOII,N,Cheetus Westinghouse IV,Y,,,,,1,,Y,,,,1,none,,primitive,,none,,,Y,,,4,4,2,,,,,,,,,,,,,,,,3,,,,,,,13,,,,,,,,,,,7,,7,20,,2,2,74,8,14,8,14,14,8,8,290
IOOIOII,N,Pi O'Sullivan VII,,,Y,,,1,,,,,Y,1,primitive,Y,anomalous,Y,none,,,Y,,,2,4,,,,,,,,,,,,,,,,,,,,,,,,6,,3,,,,,5,,,,6,,14,20,,2,2,74,8,14,14,8,14,8,8,284
IOOOIII,N,Chi Thomas II,Y,,,,,1,,Y,,,,1,advanced,Y,primitive,,none,,,,,,4,6,4,,,,,,,,,,,,,,,,3,,,,,,,17,,,3,,,,,,,,,,3,20,,2,2,74,8,14,14,14,8,8,8,278
IRONMAN,N,Allopecius Khan VI,,Y,,,,1,Y,,,,,1,primitive,,anomalous,,none,,,Y,,,2,3,,,,,,,,,,,,,,4,,,,,6,,,,,15,,,,,,,,,,,5,,5,20,,2,2,77,8,17,14,13,12,0,13,287
ISATRAP,N,Omega Nipperus VIII,,,,Y,,1,Y,,,,,1,advanced,Y,none,,detected,,,Y,,,5,4,,,,,,,,,,,,,,,,,,,,1,Salad (29.3K),,3,13,,,7,,,,,,,,,,7,20,,2,2,77,8,18,0,19,17,0,15,310
ISTHMUS,N,Linoleus Stemple X,Y,,,,,1,,,,,Y,1,primitive,,none,,none,,,,,,3,4,7,,,,,,,,,,,,,6,,,,,,,,,,20,,,,,,,,,,,,,0,20,,2,2,102,8,18,19,7,12,20,18,435
ITSFLAT,N,Sigma Young II,,,Y,,,1,,,,Y,,1,advanced,Y,primitive,,none,,,Y,,,5,2,,,,,,,,,,,,,,,,,4,,,,,,,11,,,3,,,,,,,,6,,9,20,,2,2,80,8,19,18,5,11,0,19,308
ITSMEEE,N,Gamma Polepositioni II,,,,,Y,1,,,Y,,,1,none,,none,,none,,Y,,,,6,3,3,,,,,,,,,,,,,,,,,,,,,,,12,,,,,,,,,4,4,,,8,20,,2,2,69,8,19,18,12,4,4,4,220
IUVOCCE,N,Cancerus Garcia I,,,,Y,,1,Y,,,,,1,primitive,Y,advanced,,none,,,,Y,,4,3,3,,,,,,,,,,1,,,,,,,5,,,,,,16,,4,,,,,,,,,,,4,20,,2,2,71,8,20,21,14,2,2,4,217
IXIIXII,N,Omicron Perfunctus VII,,,Y,,,1,,,Y,,,1,none,,none,,none,,,,,,6,8,6,,,,,,,,,,,,,,,,,,,,,,,20,,,,,,,,,,,,,0,20,,2,2,86,8,23,8,8,23,8,8,329
JAAAAAA,N,Delta Brooks XI,Y,,,Y,,2,Y,,,,,1,anomalous,,primitive,,none,,Y,Y,Y,,3,2,,,,,,,1,,,,,,,,,5,2,,,,,,3,16,,,,,,,,,4,,,,4,20,,3,3,9,9,0,0,0,0,0,0,9
JACDEFG,N,Mu Reagan IV,,,,Y,Y,2,,,,Y,,1,anomalous,Y,primitive,,detected,,,Y,Y,,2,3,,,,1,,,,,,,,,,,,,4,,,1,salad (19.2k),,,11,,,,3,,,,,,,6,,9,20,,3,3,29,9,0,2,3,4,5,6,119
JACKSON,N,Omega Microscopius III,,,Y,Y,,2,Y,,,,,1,advanced,Y,none,,detected,,,Y,Y,,4,3,,,1,,,,,,,,,,,,,,,,,1,Salad (29.5k),,,9,,,3,,,,,,,,5,3,11,20,,3,3,66,9,0,2,10,18,14,13,320
JAMOKER,N,Psi Isaacson X,,Y,,,Y,2,,,,Y,,1,none,,none,,none,,Y,Y,,,3,3,4,,,,,,,,,,,,,,,,,,,,,,3,13,,,,,,,,,7,,,,7,20,,3,3,66,9,0,12,14,10,4,17,294
JASMINE,N,Pi Easthouse VI,,Y,,,Y,2,,,,Y,,1,advanced,,none,,none,,,,,,4,4,5,,,,,,,,,,,,,,7,,,,,,,,,20,,,,,,,,,,,,,0,20,,3,3,64,9,0,18,12,8,13,4,257
JEDIJED,N,Nu Shafer VI,Y,,Y,,,2,,,,Y,,1,advanced,Y,advanced,,none,,Y,,,,4,3,,,,,,,,,,,,,,,,,,3,,,,7,,17,,,3,,,,,,,,,,3,20,,3,3,40,9,4,3,8,9,4,3,148
JGYUUAT,N,Phi Crematorius I,Y,,,Y,,2,,,,Y,,1,primitive,,none,,none,,,,,,5,5,6,,,,,,,,,,,,,4,,,,,,,,,,20,,,,,,,,,,,,,0,20,,3,3,98,9,6,24,20,20,0,19,406
JICKPEE,N,Kappa Fredfordus IX,Y,,,,Y,2,,Y,,,,1,none,,primitive,,none,,,,,,5,3,7,,,,,,,,,,,,,,,,5,,,,,,,20,,,,,,,,,,,,,0,20,,3,3,52,9,8,2,10,15,4,4,198
JJJJJJJ,N,Psi Bob IV,Y,,,Y,,2,,,,Y,,1,primitive,,primitive,Y,none,,,,Y,,4,6,3,,,,,,,1,,,,,,3,,,,,,,,,,17,,,,,3,,,,,,,,3,20,,3,3,63,9,9,9,9,9,9,9,252
JKLMNOP,N,Upsilon Madison VII,,,Y,,Y,2,Y,,,,,1,primitive,,none,,none,,Y,,,,3,5,1,,,,,,,,,,,,,4,,,,,,,,,,13,,,,,,,,,7,,,,7,20,,3,3,84,9,10,11,12,13,14,15,364
JLTJOPX,N,Theta Thomas XI,,Y,Y,,,2,Y,,,,,1,primitive,Y,anomalous,Y,,,,,,,4,4,3,,,,,,,,,,,,,,,,,,,,,,,11,,5,,,,,4,,,,,,9,20,,3,3,100,9,11,19,9,14,15,23,445
JOHNWIW,N,Phi Nite VII,Y,,Y,,,2,,Y,,,,1,advanced,Y,primitive,Y,detected,,Y,,Y,,1,4,,,,1,,,,,,,,,,,,,,,,1,drink (32.7K),,,7,,,3,,2,,,,8,,,,13,20,,3,3,95,9,14,7,13,22,8,22,422
JOURNAL,N,Sigma Unicornius II,,,,Y,Y,2,,,,,Y,1,primitive,Y,advanced,,detected,,,Y,,,3,4,,,,,,,,,,,,,,,,,,2,,1,mask (245k),,,10,,4,,,,,,,,,2,4,10,20,,3,3,84,9,14,20,17,13,0,11,307
JUGULAR,N,Pi Waldorfus VIII,Y,,,,Y,2,Y,,,,,1,primitive,Y,advanced,Y,none,,Y,,,,2,5,,,,,,,,,,,,,,,,,,,,,,4,,11,,4,,,,5,,,,,,,9,20,,3,3,83,9,20,6,20,11,0,17,321
KADABRA,N,Kappa Gromulus VII,,Y,,,Y,2,,,,Y,,1,none,,primitive,,none,,Y,Y,,,2,4,,,,,,,,1,,,,,,,,,3,,,,,,4,14,,,,,,,,,6,,,,6,20,,3,3,31,10,0,3,0,1,17,0,126
KALALEQ,N,Phi Easthouse VII,,Y,Y,,,2,,,,Y,,1,primitive,Y,none,,none,,Y,,Y,,3,3,6,,,,,,,,,,,,,,,,,,,,,4,,16,,4,,,,,,,,,,,4,20,,3,3,52,10,0,11,0,11,4,16,234
KBTOTLT,N,Epsilon Phlebitis VI,,Y,,Y,,2,,,,Y,,1,none,,none,,none,,Y,Y,,,6,2,5,,,,,,,,,,,,,,,,,,,,,,3,16,,,,,,,,,3,,,,3,19,,3,3,93,10,1,19,14,19,11,19,419
KCIPAYY,N,Xi Smith VI,,Y,,Y,,2,Y,,,,,1,primitive,Y,Primitive,Y,none,,Y,,,,3,4,,,,,,,,,,,,,,,,,,,,,,,,7,,4,,,4,,,,5,,,,13,20,,3,3,83,10,2,8,15,0,24,24,410
KCOEOQK,N,Zeta Conjunctivitus III,Y,,,,Y,2,Y,,,,,1,advanced,,none,,none,,,,,,9,3,4,,,,,,,,,,,,,,4,,,,,,,,,20,,,,,,,,,,,,,0,20,,3,3,70,10,2,14,4,14,16,10,308
KDEIXHK,N,Dyxichix Johnson VI,,,Y,Y,,2,,,Y,,,1,advanced,Y,advanced,,none,,Y,Y,,,3,2,,,,,,,,,,,,,,,,,,2,,,,,3,10,,,3,,,,,,6,,,,9,19,,3,3,65,10,3,4,8,23,7,10,287
KDXSZOC,N,Rho Tyler X,,Y,,,Y,2,,Y,,,,1,primitive,,Primitive,,none,,Y,Y,,,4,2,,,,,,,,,,,,,,2,,,3,,,,,,,,,,,,,,,,4,,2,3,9,9,,3,3,95,10,3,23,18,25,14,2,380
KELEVEN,N,Dyxichix Martinez X,,Y,Y,,,2,,Y,,,,1,primitive,Y,primitive,,none,,,,,,,,,,,,,,,,,,,,,,,,,,,,,,,0,,,,,,,,,,,,,0,0,,3,3,67,10,4,11,4,21,4,13,287
KELPIES,N,Paulreiserus Dunn XI,,Y,,,Y,2,,,,,Y,1,primitive,,primitive,,detected,,Y,,,,3,2,2,,,,,,,,,,,,,3,,,6,,,1,medicine (17.7k),3,,20,,,,,,,,,,,,,0,20,,3,3,70,10,4,11,15,8,4,18,301
KERMITS,N,Omicron Corpulus V,,y,,,y,,,,,,y,,primitive,,primitive,y,none,,,y,y,,2,3,,,,,,,,,,,,1,,3,,,,,,,,,,9,,,,,6,,,,,,3,2,11,20,,,,,,,,,,,,
KICKASS,N,Alpha Pacmanicus IV,,Y,,Y,,2,,,Y,,,1,primitive,,none,,none,,,,,,6,5,5,,,,,,,,,,,,,4,,,,,,,,,,20,,,,,,,,,,,,,0,20,,3,3,66,10,8,2,10,0,18,18,306
KINGDOM,N,Gamma McCartney V,,,Y,Y,,2,,Y,,,,1,primitive,,primitive,,,,,,,,2,4,,,,,1,,,,,,,,,4,,,,,,,,4,4,19,,,,,1,,,,,,,,1,20,,3,3,66,10,8,13,6,3,14,12,272
KINMOZA,N,Pannus Lennon XI,Y,Y,,,,2,,,Y,,,1,primitive,,primitive,Y,none,,,,Y,,4,4,4,,,,,,1,,,,,,,5,,,,,,,,,,18,,,,,2,,,,,,,,2,20,,3,3,82,10,8,13,12,14,25,0,333
KJVLLMT,N,Iota Capulet VI,Y,Y,,,,2,,Y,,,,1,primitive,,primitive,,none,,,,Y,,4,5,4,,,1,,,,,,,,,,3,,,3,,,,,,,20,,,,,,,,,,,,,0,20,,3,3,93,10,9,21,11,11,12,19,395
KKXKSSZ,N,Chi Jackson XI,Y,Y,,,,2,,,,,Y,1,primitive,,advanced,,detected,Y,,Y,,,,,,,,,,,,,,,,,,,,,,,,,,,,0,,,,,,,,,,,,,0,0,,3,3,114,10,10,23,10,18,18,25,512
KNEMGUR,N,Pi Draper IX,,,Y,Y,,2,,,Y,,,1,primitive,,none,,none,,Y,,,,3,2,3,,,,,,,,,,,,,4,,,,,,,,,,12,,,,,,,,,8,,,,8,20,,3,3,82,10,13,4,12,6,20,17,365
KNOWING,N,Pi Goldthwait III,,,Y,,Y,2,,Y,,,,1,primitive,Y,anomalous,,detected,,,,,,5,4,,,,,,,,,,,,,,,,,,,5,1,booze (23.2k),,,15,,5,,,,,,,,,,,5,20,,3,3,86,10,13,14,22,8,13,6,326
KOBOLDS,N,Xi Anderson XI,,,,Y,Y,2,,,Y,,,1,none,,none,,detected,Y,,,,,,,,,,,,,,,,,,,,,,,,,,,,,,0,,,,,,,,,,,,,0,0,,3,3,71,10,14,1,14,11,3,18,296
KOLWIKI,N,Fustulus III,,,Y,,Y,2,Y,,,,,1,primitive,,none,,none,,Y,Y,,,2,2,,,,,,,,,,,,,,4,,,,,,,,,5,13,,,,,,,,,7,,,,7,20,,3,3,83,10,14,11,22,8,10,8,315
KOPIJOL,N,Nu Brooks V,,Y,,Y,,2,,,,,Y,1,anomalous,,primitive,Y,detected,,,,Y,,4,4,,,,,,,1,,,,,,,,,5,,,,1,medicine (20.6k),,,15,,,,,5,,,,,,,,5,20,,3,3,81,10,14,15,8,9,14,11,321
KRAMPUS,N,Hippidipsus Noriega VI,,Y,,,Y,2,,,,,Y,1,none,,advanced,,none,,Y,,,,3,2,2,,,,,,,,,,,,,,,,,3,,,,,,10,,,,,,,,,10,,,,10,20,,3,3,92,10,17,0,12,15,20,18,413
KUOVASH,N,Bubblicius Disraeli V,,,Y,Y,,2,Y,,,,,1,primitive,Y,none,,detected,,,,Y,,3,3,6,,,,,,,1,,,,,,,,,,,,1,medicine (29.2k),,,14,,6,,,,,,,,,,,6,20,,3,3,90,10,20,14,21,0,18,7,333
KWWWWWK,N,Eta Moore IV,,Y,Y,,,2,,,,,Y,1,anomalous,,primitive,Y,none,,,,Y,,2,4,4,,,,,,,,,,1,,,,,7,,,,,,,,18,,,,,2,,,,,,,,2,20,,3,3,130,10,22,22,22,22,22,10,520
KZOOKYS,N,Beta McDonald IX,,Y,Y,,,2,,,,,Y,1,none,,primitive,Y,none,,,Y,,,4,2,3,,,,,,,,,,,,,,,,,,,,,,,9,,,,,5,,,,,,6,,11,20,,3,3,115,10,25,14,14,10,24,18,478
KZPFTIC,N,Psi Mousketeerus II,,Y,,Y,,2,Y,,,,,1,primitive,Y,none,,none,,Y,Y,Y,,6,3,,,,,,,1,,,,,,,,,,,,,,,,,10,,2,,,,,,,1,2,5,,10,20,,3,3,84,10,25,15,5,19,8,2,282
,,,,,,,,,,,,,,,,,,,,,,,,,,,,,,,,,,,,,,,,,,,,,,,,,,,,,,,,,,,,,,,,,,,0,0,,,,,,,,0
,,,,,,,,,,,,,,,,,,,,,,,,,,,,,,,,,,,,,,,,,,,,,,,,,,,,,,,,,,,,,,,,,,,0,0,,,,,,,,0
,,,,,,,,,,,,,,,,,,,,,,,,,,,,,,,,,,,,,,,,,,,,,,,,,,,,,,,,,,,,,,,,,,,0,0,,,,,,,,0
,,,,,,,,,,,,,,,,,,,,,,,,,,,,,,,,,,,,,,,,,,,,,,,,,,,,,,,,,,,,,,,,,,,0,0,,,,,,,,0
,,,,,,,,,,,,,,,,,,,,,,,,,,,,,,,,,,,,,,,,,,,,,,,,,,,,,,,,,,,,,,,,,,,0,0,,,,,,,,0
,,,,,,,,,,,,,,,,,,,,,,,,,,,,,,,,,,,,,,,,,,,,,,,,,,,,,,,,,,,,,,,,,,,0,0,,,,,,,,0
,,,,,,,,,,,,,,,,,,,,,,,,,,,,,,,,,,,,,,,,,,,,,,,,,,,,,,,,,,,,,,,,,,,0,0,,,,,,,,0
,,,,,,,,,,,,,,,,,,,,,,,,,,,,,,,,,,,,,,,,,,,,,,,,,,,,,,,,,,,,,,,,,,,0,0,,,,,,,,0
,,,,,,,,,,,,,,,,,,,,,,,,,,,,,,,,,,,,,,,,,,,,,,,,,,,,,,,,,,,,,,,,,,,0,0,,,,,,,,0
,,,,,,,,,,,,,,,,,,,,,,,,,,,,,,,,,,,,,,,,,,,,,,,,,,,,,,,,,,,,,,,,,,,0,0,,,,,,,,0
,,,,,,,,,,,,,,,,,,,,,,,,,,,,,,,,,,,,,,,,,,,,,,,,,,,,,,,,,,,,,,,,,,,0,0,,,,,,,,0
,,,,,,,,,,,,,,,,,,,,,,,,,,,,,,,,,,,,,,,,,,,,,,,,,,,,,,,,,,,,,,,,,,,0,0,,,,,,,,0
,,,,,,,,,,,,,,,,,,,,,,,,,,,,,,,,,,,,,,,,,,,,,,,,,,,,,,,,,,,,,,,,,,,0,0,,,,,,,,0
,,,,,,,,,,,,,,,,,,,,,,,,,,,,,,,,,,,,,,,,,,,,,,,,,,,,,,,,,,,,,,,,,,,0,0,,,,,,,,0
,,,,,,,,,,,,,,,,,,,,,,,,,,,,,,,,,,,,,,,,,,,,,,,,,,,,,,,,,,,,,,,,,,,0,0,,,,,,,,0
,,,,,,,,,,,,,,,,,,,,,,,,,,,,,,,,,,,,,,,,,,,,,,,,,,,,,,,,,,,,,,,,,,,0,0,,,,,,,,0
,,,,,,,,,,,,,,,,,,,,,,,,,,,,,,,,,,,,,,,,,,,,,,,,,,,,,,,,,,,,,,,,,,,0,0,,,,,,,,0
,,,,,,,,,,,,,,,,,,,,,,,,,,,,,,,,,,,,,,,,,,,,,,,,,,,,,,,,,,,,,,,,,,,0,0,,,,,,,,0
,,,,,,,,,,,,,,,,,,,,,,,,,,,,,,,,,,,,,,,,,,,,,,,,,,,,,,,,,,,,,,,,,,,0,0,,,,,,,,0
,,,,,,,,,,,,,,,,,,,,,,,,,,,,,,,,,,,,,,,,,,,,,,,,,,,,,,,,,,,,,,,,,,,0,0,,,,,,,,0
,,,,,,,,,,,,,,,,,,,,,,,,,,,,,,,,,,,,,,,,,,,,,,,,,,,,,,,,,,,,,,,,,,,0,0,,,,,,,,0
,,,,,,,,,,,,,,,,,,,,,,,,,,,,,,,,,,,,,,,,,,,,,,,,,,,,,,,,,,,,,,,,,,,0,0,,,,,,,,0
,,,,,,,,,,,,,,,,,,,,,,,,,,,,,,,,,,,,,,,,,,,,,,,,,,,,,,,,,,,,,,,,,,,0,0,,,,,,,,0
,,,,,,,,,,,,,,,,,,,,,,,,,,,,,,,,,,,,,,,,,,,,,,,,,,,,,,,,,,,,,,,,,,,0,0,,,,,,,,0
,,,,,,,,,,,,,,,,,,,,,,,,,,,,,,,,,,,,,,,,,,,,,,,,,,,,,,,,,,,,,,,,,,,0,0,,,,,,,,0
,,,,,,,,,,,,,,,,,,,,,,,,,,,,,,,,,,,,,,,,,,,,,,,,,,,,,,,,,,,,,,,,,,,0,0,,,,,,,,0
,,,,,,,,,,,,,,,,,,,,,,,,,,,,,,,,,,,,,,,,,,,,,,,,,,,,,,,,,,,,,,,,,,,0,0,,,,,,,,0
,,,,,,,,,,,,,,,,,,,,,,,,,,,,,,,,,,,,,,,,,,,,,,,,,,,,,,,,,,,,,,,,,,,0,0,,,,,,,,0
,,,,,,,,,,,,,,,,,,,,,,,,,,,,,,,,,,,,,,,,,,,,,,,,,,,,,,,,,,,,,,,,,,,0,0,,,,,,,,0
,,,,,,,,,,,,,,,,,,,,,,,,,,,,,,,,,,,,,,,,,,,,,,,,,,,,,,,,,,,,,,,,,,,0,0,,,,,,,,0
,,,,,,,,,,,,,,,,,,,,,,,,,,,,,,,,,,,,,,,,,,,,,,,,,,,,,,,,,,,,,,,,,,,0,0,,,,,,,,0
,,,,,,,,,,,,,,,,,,,,,,,,,,,,,,,,,,,,,,,,,,,,,,,,,,,,,,,,,,,,,,,,,,,0,0,,,,,,,,0
,,,,,,,,,,,,,,,,,,,,,,,,,,,,,,,,,,,,,,,,,,,,,,,,,,,,,,,,,,,,,,,,,,,0,0,,,,,,,,0
,,,,,,,,,,,,,,,,,,,,,,,,,,,,,,,,,,,,,,,,,,,,,,,,,,,,,,,,,,,,,,,,,,,0,0,,,,,,,,0
,,,,,,,,,,,,,,,,,,,,,,,,,,,,,,,,,,,,,,,,,,,,,,,,,,,,,,,,,,,,,,,,,,,0,0,,,,,,,,0
,,,,,,,,,,,,,,,,,,,,,,,,,,,,,,,,,,,,,,,,,,,,,,,,,,,,,,,,,,,,,,,,,,,0,0,,,,,,,,0
,,,,,,,,,,,,,,,,,,,,,,,,,,,,,,,,,,,,,,,,,,,,,,,,,,,,,,,,,,,,,,,,,,,0,0,,,,,,,,0
,,,,,,,,,,,,,,,,,,,,,,,,,,,,,,,,,,,,,,,,,,,,,,,,,,,,,,,,,,,,,,,,,,,0,0,,,,,,,,0
,,,,,,,,,,,,,,,,,,,,,,,,,,,,,,,,,,,,,,,,,,,,,,,,,,,,,,,,,,,,,,,,,,,0,0,,,,,,,,0
,,,,,,,,,,,,,,,,,,,,,,,,,,,,,,,,,,,,,,,,,,,,,,,,,,,,,,,,,,,,,,,,,,,0,0,,,,,,,,0
,,,,,,,,,,,,,,,,,,,,,,,,,,,,,,,,,,,,,,,,,,,,,,,,,,,,,,,,,,,,,,,,,,,0,0,,,,,,,,0
,,,,,,,,,,,,,,,,,,,,,,,,,,,,,,,,,,,,,,,,,,,,,,,,,,,,,,,,,,,,,,,,,,,0,0,,,,,,,,0
,,,,,,,,,,,,,,,,,,,,,,,,,,,,,,,,,,,,,,,,,,,,,,,,,,,,,,,,,,,,,,,,,,,0,0,,,,,,,,0
,,,,,,,,,,,,,,,,,,,,,,,,,,,,,,,,,,,,,,,,,,,,,,,,,,,,,,,,,,,,,,,,,,,0,0,,,,,,,,0
,,,,,,,,,,,,,,,,,,,,,,,,,,,,,,,,,,,,,,,,,,,,,,,,,,,,,,,,,,,,,,,,,,,0,0,,,,,,,,0
,,,,,,,,,,,,,,,,,,,,,,,,,,,,,,,,,,,,,,,,,,,,,,,,,,,,,,,,,,,,,,,,,,,0,0,,,,,,,,0
,,,,,,,,,,,,,,,,,,,,,,,,,,,,,,,,,,,,,,,,,,,,,,,,,,,,,,,,,,,,,,,,,,,0,0,,,,,,,,0
,,,,,,,,,,,,,,,,,,,,,,,,,,,,,,,,,,,,,,,,,,,,,,,,,,,,,,,,,,,,,,,,,,,0,0,,,,,,,,0
,,,,,,,,,,,,,,,,,,,,,,,,,,,,,,,,,,,,,,,,,,,,,,,,,,,,,,,,,,,,,,,,,,,0,0,,,,,,,,0
,,,,,,,,,,,,,,,,,,,,,,,,,,,,,,,,,,,,,,,,,,,,,,,,,,,,,,,,,,,,,,,,,,,0,0,,,,,,,,0
,,,,,,,,,,,,,,,,,,,,,,,,,,,,,,,,,,,,,,,,,,,,,,,,,,,,,,,,,,,,,,,,,,,0,0,,,,,,,,0
,,,,,,,,,,,,,,,,,,,,,,,,,,,,,,,,,,,,,,,,,,,,,,,,,,,,,,,,,,,,,,,,,,,0,0,,,,,,,,0
,,,,,,,,,,,,,,,,,,,,,,,,,,,,,,,,,,,,,,,,,,,,,,,,,,,,,,,,,,,,,,,,,,,0,0,,,,,,,,0
,,,,,,,,,,,,,,,,,,,,,,,,,,,,,,,,,,,,,,,,,,,,,,,,,,,,,,,,,,,,,,,,,,,0,0,,,,,,,,0